id,text,timestamp,source_topic
0,hello how are you - 0,1747802153.875886,demo-topic
1,hello how are you - 1,1747802156.5132544,demo-topic
2,hello how are you - 2,1747802158.5156052,demo-topic
3,hello how are you - 3,1747802160.5203369,demo-topic
4,hello how are you - 4,1747802162.523202,demo-topic
5,hello how are you - 5,1747802164.5253258,demo-topic
6,hello how are you - 6,1747802166.5280337,demo-topic
7,hello how are you - 7,1747802168.53113,demo-topic
8,hello how are you - 8,1747802170.5342476,demo-topic
9,hello how are you - 9,1747802172.5371244,demo-topic
10,hello how are you - 10,1747802174.5389495,demo-topic
11,hello how are you - 11,1747802176.5423088,demo-topic
12,hello how are you - 12,1747802178.5456254,demo-topic
13,hello how are you - 13,1747802180.5483336,demo-topic
14,hello how are you - 14,1747802182.5513973,demo-topic
15,hello how are you - 15,1747802184.5542507,demo-topic
16,hello how are you - 16,1747802186.556611,demo-topic
17,hello how are you - 17,1747802188.55827,demo-topic
0,All goood! - 0,12,1747802154.2821488,test
1,All goood! - 1,38,1747802156.5137937,test
2,All goood! - 2,84,1747802158.5164638,test
3,All goood! - 3,15,1747802160.5210068,test
4,All goood! - 4,27,1747802162.5233908,test
5,All goood! - 5,26,1747802164.5259144,test
6,All goood! - 6,1,1747802166.5286963,test
7,All goood! - 7,42,1747802168.5319593,test
8,All goood! - 8,14,1747802170.5347717,test
9,All goood! - 9,54,1747802172.537773,test
10,All goood! - 10,12,1747802174.5397341,test
11,All goood! - 11,7,1747802176.5429952,test
12,All goood! - 12,28,1747802178.5462737,test
13,All goood! - 13,12,1747802180.5490096,test
14,All goood! - 14,88,1747802182.5520945,test
15,All goood! - 15,28,1747802184.554449,test
16,All goood! - 16,9,1747802186.5568428,test
17,All goood! - 17,35,1747802188.5584846,test
18,hello how are you - 18,1747802190.5601964,demo-topic
18,All goood! - 18,81,1747802190.5603945,test
19,hello how are you - 19,1747802192.5622275,demo-topic
19,All goood! - 19,37,1747802192.562898,test
20,hello how are you - 20,1747802194.5642772,demo-topic
20,All goood! - 20,80,1747802194.564836,test
21,hello how are you - 21,1747802196.5662785,demo-topic
21,All goood! - 21,28,1747802196.5667486,test
22,hello how are you - 22,1747802198.5690937,demo-topic
22,All goood! - 22,43,1747802198.569872,test
23,hello how are you - 23,1747802200.5723093,demo-topic
23,All goood! - 23,96,1747802200.5730875,test
24,hello how are you - 24,1747802202.575592,demo-topic
24,All goood! - 24,47,1747802202.5763254,test
25,hello how are you - 25,1747802204.5788288,demo-topic
25,All goood! - 25,2,1747802204.5796492,test
26,hello how are you - 26,1747802206.581192,demo-topic
26,All goood! - 26,28,1747802206.5818524,test
27,hello how are you - 27,1747802208.5843995,demo-topic
27,All goood! - 27,13,1747802208.5851135,test
28,hello how are you - 28,1747802210.5872087,demo-topic
28,All goood! - 28,70,1747802210.5877438,test
29,hello how are you - 29,1747802212.5891833,demo-topic
29,All goood! - 29,86,1747802212.5897462,test
30,hello how are you - 30,1747802214.592118,demo-topic
30,All goood! - 30,48,1747802214.5927036,test
31,hello how are you - 31,1747802216.5943525,demo-topic
31,All goood! - 31,31,1747802216.594994,test
32,hello how are you - 32,1747802218.5975084,demo-topic
32,All goood! - 32,3,1747802218.5980804,test
33,hello how are you - 33,1747802220.6003282,demo-topic
33,All goood! - 33,64,1747802220.6009018,test
34,hello how are you - 34,1747802222.6033664,demo-topic
34,All goood! - 34,33,1747802222.6043055,test
35,hello how are you - 35,1747802224.6086085,demo-topic
35,All goood! - 35,74,1747802224.6092305,test
36,hello how are you - 36,1747802226.6111958,demo-topic
36,All goood! - 36,35,1747802226.6117907,test
37,hello how are you - 37,1747802228.6153388,demo-topic
37,All goood! - 37,56,1747802228.6159894,test
38,hello how are you - 38,1747802230.6181972,demo-topic
38,All goood! - 38,75,1747802230.618783,test
39,hello how are you - 39,1747802232.6201882,demo-topic
39,All goood! - 39,72,1747802232.6208258,test
40,hello how are you - 40,1747802234.6222,demo-topic
40,All goood! - 40,9,1747802234.6228013,test
41,hello how are you - 41,1747802236.6251163,demo-topic
41,All goood! - 41,96,1747802236.6256711,test
42,hello how are you - 42,1747802238.627335,demo-topic
42,All goood! - 42,88,1747802238.6278899,test
43,hello how are you - 43,1747802240.6302037,demo-topic
43,All goood! - 43,51,1747802240.6306055,test
44,hello how are you - 44,1747802242.6328506,demo-topic
44,All goood! - 44,56,1747802242.6335628,test
45,hello how are you - 45,1747802244.6360176,demo-topic
45,All goood! - 45,65,1747802244.636916,test
46,hello how are you - 46,1747802246.639453,demo-topic
46,All goood! - 46,75,1747802246.6400573,test
47,hello how are you - 47,1747802248.642271,demo-topic
47,All goood! - 47,44,1747802248.64286,test
48,hello how are you - 48,1747802250.6453035,demo-topic
48,All goood! - 48,2,1747802250.6458569,test
49,hello how are you - 49,1747802252.647341,demo-topic
49,All goood! - 49,11,1747802252.6479633,test
50,hello how are you - 50,1747802254.650335,demo-topic
50,All goood! - 50,86,1747802254.6510456,test
51,hello how are you - 51,1747802256.6533148,demo-topic
51,All goood! - 51,37,1747802256.653999,test
52,hello how are you - 52,1747802258.6561239,demo-topic
52,All goood! - 52,95,1747802258.6568732,test
53,hello how are you - 53,1747802260.6594229,demo-topic
53,All goood! - 53,82,1747802260.6601896,test
54,hello how are you - 54,1747802262.66298,demo-topic
54,All goood! - 54,55,1747802262.6637607,test
55,hello how are you - 55,1747802264.6663194,demo-topic
55,All goood! - 55,83,1747802264.6669967,test
56,hello how are you - 56,1747802266.6693182,demo-topic
56,All goood! - 56,81,1747802266.6699057,test
57,hello how are you - 57,1747802268.674262,demo-topic
57,All goood! - 57,80,1747802268.6748374,test
58,hello how are you - 58,1747802270.678028,demo-topic
58,All goood! - 58,10,1747802270.6788538,test
59,hello how are you - 59,1747802272.6823015,demo-topic
59,All goood! - 59,79,1747802272.6829731,test
60,hello how are you - 60,1747802274.6852975,demo-topic
60,All goood! - 60,20,1747802274.6859295,test
61,hello how are you - 61,1747802276.688454,demo-topic
61,All goood! - 61,27,1747802276.6890368,test
62,hello how are you - 62,1747802278.6916285,demo-topic
62,All goood! - 62,43,1747802278.6923468,test
63,hello how are you - 63,1747802280.6941993,demo-topic
63,All goood! - 63,55,1747802280.6946135,test
64,hello how are you - 64,1747802282.6968238,demo-topic
64,All goood! - 64,95,1747802282.697427,test
65,hello how are you - 65,1747802284.6998653,demo-topic
65,All goood! - 65,3,1747802284.7007337,test
66,hello how are you - 66,1747802286.704329,demo-topic
66,All goood! - 66,47,1747802286.7049122,test
67,hello how are you - 67,1747802288.7061684,demo-topic
67,All goood! - 67,79,1747802288.7068634,test
68,hello how are you - 68,1747802290.709448,demo-topic
68,All goood! - 68,2,1747802290.7103167,test
69,hello how are you - 69,1747802292.7129364,demo-topic
69,All goood! - 69,12,1747802292.7136617,test
70,hello how are you - 70,1747802294.7161655,demo-topic
70,All goood! - 70,67,1747802294.7168539,test
71,hello how are you - 71,1747802296.7212014,demo-topic
71,All goood! - 71,100,1747802296.7217953,test
72,hello how are you - 72,1747802298.7233229,demo-topic
72,All goood! - 72,18,1747802298.723931,test
73,hello how are you - 73,1747802300.7272007,demo-topic
73,All goood! - 73,62,1747802300.727565,test
74,hello how are you - 74,1747802302.7291653,demo-topic
74,All goood! - 74,49,1747802302.7295682,test
75,hello how are you - 75,1747802304.7311966,demo-topic
75,All goood! - 75,60,1747802304.7319078,test
76,hello how are you - 76,1747802306.7341936,demo-topic
76,All goood! - 76,46,1747802306.7347765,test
77,hello how are you - 77,1747802308.7361975,demo-topic
77,All goood! - 77,35,1747802308.7367878,test
78,hello how are you - 78,1747802310.738197,demo-topic
78,All goood! - 78,9,1747802310.738872,test
79,hello how are you - 79,1747802312.7412045,demo-topic
79,All goood! - 79,48,1747802312.7417998,test
80,hello how are you - 80,1747802314.742212,demo-topic
80,All goood! - 80,70,1747802314.742915,test
81,hello how are you - 81,1747802316.7453613,demo-topic
81,All goood! - 81,30,1747802316.7459807,test
82,hello how are you - 82,1747802318.7481909,demo-topic
82,All goood! - 82,93,1747802318.748673,test
83,hello how are you - 83,1747802320.7502463,demo-topic
83,All goood! - 83,70,1747802320.7507823,test
84,hello how are you - 84,1747802322.753118,demo-topic
84,All goood! - 84,86,1747802322.7538245,test
85,hello how are you - 85,1747802324.7553139,demo-topic
85,All goood! - 85,81,1747802324.7557702,test
86,hello how are you - 86,1747802326.7580764,demo-topic
86,All goood! - 86,36,1747802326.758703,test
87,hello how are you - 87,1747802328.7620893,demo-topic
87,All goood! - 87,69,1747802328.762805,test
88,hello how are you - 88,1747802330.7641847,demo-topic
88,All goood! - 88,98,1747802330.764727,test
89,hello how are you - 89,1747802332.7671864,demo-topic
89,All goood! - 89,41,1747802332.767854,test
90,hello how are you - 90,1747802334.772446,demo-topic
90,All goood! - 90,34,1747802334.7731047,test
91,hello how are you - 91,1747802336.7771037,demo-topic
91,All goood! - 91,17,1747802336.7777982,test
92,hello how are you - 92,1747802338.7820783,demo-topic
92,All goood! - 92,51,1747802338.7827725,test
93,hello how are you - 93,1747802340.785242,demo-topic
93,All goood! - 93,82,1747802340.7856438,test
94,hello how are you - 94,1747802342.7877746,demo-topic
94,All goood! - 94,73,1747802342.7884748,test
95,hello how are you - 95,1747802344.7923543,demo-topic
95,All goood! - 95,26,1747802344.7928686,test
96,hello how are you - 96,1747802346.7963834,demo-topic
96,All goood! - 96,48,1747802346.7969544,test
97,hello how are you - 97,1747802348.798763,demo-topic
97,All goood! - 97,10,1747802348.7992656,test
98,hello how are you - 98,1747802350.8012922,demo-topic
98,All goood! - 98,27,1747802350.8017764,test
99,hello how are you - 99,1747802352.8053389,demo-topic
99,All goood! - 99,62,1747802352.8059788,test
100,hello how are you - 100,1747802354.8087142,demo-topic
100,All goood! - 100,18,1747802354.809295,test
101,hello how are you - 101,1747802356.8126366,demo-topic
101,All goood! - 101,81,1747802356.813063,test
102,hello how are you - 102,1747802358.8145494,demo-topic
102,All goood! - 102,43,1747802358.8151026,test
103,hello how are you - 103,1747802360.8179445,demo-topic
103,All goood! - 103,50,1747802360.8185048,test
104,hello how are you - 104,1747802362.8209348,demo-topic
104,All goood! - 104,5,1747802362.8214984,test
105,hello how are you - 105,1747802364.823902,demo-topic
105,All goood! - 105,87,1747802364.8248723,test
106,hello how are you - 106,1747802366.8283422,demo-topic
106,All goood! - 106,86,1747802366.8290482,test
107,hello how are you - 107,1747802368.8314018,demo-topic
107,All goood! - 107,19,1747802368.8320935,test
108,hello how are you - 108,1747802370.8343198,demo-topic
108,All goood! - 108,12,1747802370.8349712,test
109,hello how are you - 109,1747802372.8372095,demo-topic
109,All goood! - 109,26,1747802372.837806,test
110,hello how are you - 110,1747802374.8395584,demo-topic
110,All goood! - 110,95,1747802374.8401926,test
111,hello how are you - 111,1747802376.8424337,demo-topic
111,All goood! - 111,13,1747802376.8433082,test
112,hello how are you - 112,1747802378.8476264,demo-topic
112,All goood! - 112,21,1747802378.8485258,test
113,hello how are you - 113,1747802380.8524916,demo-topic
113,All goood! - 113,89,1747802380.8532715,test
114,hello how are you - 114,1747802382.8552723,demo-topic
114,All goood! - 114,12,1747802382.8556135,test
115,hello how are you - 115,1747802384.8579152,demo-topic
115,All goood! - 115,89,1747802384.8583982,test
116,hello how are you - 116,1747802386.860345,demo-topic
116,All goood! - 116,48,1747802386.861011,test
117,hello how are you - 117,1747802388.8633509,demo-topic
117,All goood! - 117,17,1747802388.8639941,test
118,hello how are you - 118,1747802390.8665347,demo-topic
118,All goood! - 118,6,1747802390.8671262,test
119,hello how are you - 119,1747802392.869278,demo-topic
119,All goood! - 119,92,1747802392.8696055,test
120,hello how are you - 120,1747802394.8719509,demo-topic
120,All goood! - 120,70,1747802394.872601,test
121,hello how are you - 121,1747802396.8750236,demo-topic
121,All goood! - 121,60,1747802396.8756795,test
122,hello how are you - 122,1747802398.8777847,demo-topic
122,All goood! - 122,97,1747802398.8784606,test
123,hello how are you - 123,1747802400.880539,demo-topic
123,All goood! - 123,99,1747802400.8813326,test
124,hello how are you - 124,1747802402.8831964,demo-topic
124,All goood! - 124,38,1747802402.8835335,test
125,hello how are you - 125,1747802404.8853316,demo-topic
125,All goood! - 125,13,1747802404.8859751,test
126,hello how are you - 126,1747802406.8885596,demo-topic
126,All goood! - 126,44,1747802406.889305,test
127,hello how are you - 127,1747802408.8913167,demo-topic
127,All goood! - 127,63,1747802408.8921013,test
128,hello how are you - 128,1747802410.8946946,demo-topic
128,All goood! - 128,17,1747802410.895478,test
129,hello how are you - 129,1747802412.8971744,demo-topic
129,All goood! - 129,76,1747802412.8976085,test
130,hello how are you - 130,1747802414.8988993,demo-topic
130,All goood! - 130,28,1747802414.8996809,test
131,hello how are you - 131,1747802416.9022927,demo-topic
131,All goood! - 131,84,1747802416.902935,test
132,hello how are you - 132,1747802418.9052901,demo-topic
132,All goood! - 132,99,1747802418.9056623,test
133,hello how are you - 133,1747802420.908002,demo-topic
133,All goood! - 133,14,1747802420.9087224,test
134,hello how are you - 134,1747802422.9111934,demo-topic
134,All goood! - 134,12,1747802422.9118197,test
135,hello how are you - 135,1747802424.913305,demo-topic
135,All goood! - 135,42,1747802424.9139483,test
136,hello how are you - 136,1747802426.9164352,demo-topic
136,All goood! - 136,66,1747802426.9171257,test
137,hello how are you - 137,1747802428.9192815,demo-topic
137,All goood! - 137,80,1747802428.9197462,test
138,hello how are you - 138,1747802430.9227765,demo-topic
138,All goood! - 138,58,1747802430.9234357,test
139,hello how are you - 139,1747802432.925927,demo-topic
139,All goood! - 139,63,1747802432.926643,test
140,hello how are you - 140,1747802434.9283297,demo-topic
140,All goood! - 140,55,1747802434.929042,test
141,hello how are you - 141,1747802436.931626,demo-topic
141,All goood! - 141,41,1747802436.9323907,test
142,hello how are you - 142,1747802438.9352958,demo-topic
142,All goood! - 142,70,1747802438.9356475,test
143,hello how are you - 143,1747802440.9379942,demo-topic
143,All goood! - 143,60,1747802440.9386458,test
144,hello how are you - 144,1747802442.9411674,demo-topic
144,All goood! - 144,78,1747802442.9417682,test
145,hello how are you - 145,1747802444.9452224,demo-topic
145,All goood! - 145,14,1747802444.945938,test
146,hello how are you - 146,1747802446.9504335,demo-topic
146,All goood! - 146,43,1747802446.9511783,test
147,hello how are you - 147,1747802448.9533348,demo-topic
147,All goood! - 147,36,1747802448.9539273,test
148,hello how are you - 148,1747802450.957333,demo-topic
148,All goood! - 148,97,1747802450.9580343,test
149,hello how are you - 149,1747802452.9589612,demo-topic
149,All goood! - 149,51,1747802452.9596283,test
150,hello how are you - 150,1747802454.9611766,demo-topic
150,All goood! - 150,87,1747802454.9615314,test
151,hello how are you - 151,1747802456.9633336,demo-topic
151,All goood! - 151,93,1747802456.964026,test
152,hello how are you - 152,1747802458.9663103,demo-topic
152,All goood! - 152,67,1747802458.9669228,test
153,hello how are you - 153,1747802460.9693296,demo-topic
153,All goood! - 153,100,1747802460.9699347,test
154,hello how are you - 154,1747802462.972535,demo-topic
154,All goood! - 154,49,1747802462.973188,test
155,hello how are you - 155,1747802464.97559,demo-topic
155,All goood! - 155,2,1747802464.9760628,test
156,hello how are you - 156,1747802466.9783266,demo-topic
156,All goood! - 156,73,1747802466.9789302,test
157,hello how are you - 157,1747802468.981373,demo-topic
157,All goood! - 157,64,1747802468.981984,test
158,hello how are you - 158,1747802470.9844449,demo-topic
158,All goood! - 158,62,1747802470.9851167,test
159,hello how are you - 159,1747802472.987421,demo-topic
159,All goood! - 159,73,1747802472.9880884,test
160,hello how are you - 160,1747802474.9903276,demo-topic
160,All goood! - 160,98,1747802474.9908214,test
161,hello how are you - 161,1747802476.992297,demo-topic
161,All goood! - 161,1,1747802476.9930038,test
162,hello how are you - 162,1747802478.9953344,demo-topic
162,All goood! - 162,87,1747802478.9959786,test
163,hello how are you - 163,1747802480.9983418,demo-topic
163,All goood! - 163,72,1747802480.9988825,test
164,hello how are you - 164,1747802483.0002196,demo-topic
164,All goood! - 164,70,1747802483.0008373,test
165,hello how are you - 165,1747802485.0022886,demo-topic
165,All goood! - 165,12,1747802485.0028205,test
166,hello how are you - 166,1747802487.004393,demo-topic
166,All goood! - 166,13,1747802487.0049303,test
167,hello how are you - 167,1747802489.006272,demo-topic
167,All goood! - 167,56,1747802489.006501,test
168,hello how are you - 168,1747802491.0083373,demo-topic
168,All goood! - 168,95,1747802491.0088322,test
169,hello how are you - 169,1747802493.0102851,demo-topic
169,All goood! - 169,70,1747802493.0107768,test
170,hello how are you - 170,1747802495.0123296,demo-topic
170,All goood! - 170,18,1747802495.012935,test
171,hello how are you - 171,1747802497.0154536,demo-topic
171,All goood! - 171,44,1747802497.0160627,test
172,hello how are you - 172,1747802499.018278,demo-topic
172,All goood! - 172,48,1747802499.018602,test
173,hello how are you - 173,1747802501.0202906,demo-topic
173,All goood! - 173,42,1747802501.0209193,test
174,hello how are you - 174,1747802503.023344,demo-topic
174,All goood! - 174,37,1747802503.0239623,test
175,hello how are you - 175,1747802505.0265386,demo-topic
175,All goood! - 175,48,1747802505.0272079,test
176,hello how are you - 176,1747802507.0293472,demo-topic
176,All goood! - 176,87,1747802507.0299916,test
177,hello how are you - 177,1747802509.0323179,demo-topic
177,All goood! - 177,3,1747802509.0328634,test
178,hello how are you - 178,1747802511.0343404,demo-topic
178,All goood! - 178,33,1747802511.034966,test
179,hello how are you - 179,1747802513.0369658,demo-topic
179,All goood! - 179,67,1747802513.0376081,test
180,hello how are you - 180,1747802515.0392594,demo-topic
180,All goood! - 180,91,1747802515.039878,test
181,hello how are you - 181,1747802517.0413337,demo-topic
181,All goood! - 181,75,1747802517.0419438,test
182,hello how are you - 182,1747802519.0441992,demo-topic
182,All goood! - 182,33,1747802519.044815,test
183,hello how are you - 183,1747802521.0463378,demo-topic
183,All goood! - 183,79,1747802521.0469923,test
184,hello how are you - 184,1747802523.049565,demo-topic
184,All goood! - 184,24,1747802523.0503836,test
185,hello how are you - 185,1747802525.0529945,demo-topic
185,All goood! - 185,59,1747802525.0538857,test
186,hello how are you - 186,1747802527.0573142,demo-topic
186,All goood! - 186,7,1747802527.0579677,test
187,hello how are you - 187,1747802529.0612967,demo-topic
187,All goood! - 187,80,1747802529.061908,test
188,hello how are you - 188,1747802531.0643046,demo-topic
188,All goood! - 188,28,1747802531.0647447,test
189,hello how are you - 189,1747802533.0663023,demo-topic
189,All goood! - 189,27,1747802533.0670242,test
190,hello how are you - 190,1747802535.069485,demo-topic
190,All goood! - 190,75,1747802535.0701852,test
191,hello how are you - 191,1747802537.07221,demo-topic
191,All goood! - 191,23,1747802537.0728471,test
192,hello how are you - 192,1747802539.0762312,demo-topic
192,All goood! - 192,73,1747802539.0771751,test
193,hello how are you - 193,1747802541.080271,demo-topic
193,All goood! - 193,19,1747802541.0809443,test
194,hello how are you - 194,1747802543.08334,demo-topic
194,All goood! - 194,87,1747802543.0840123,test
195,hello how are you - 195,1747802545.0862956,demo-topic
195,All goood! - 195,8,1747802545.0869818,test
196,hello how are you - 196,1747802547.0892613,demo-topic
196,All goood! - 196,99,1747802547.0903032,test
197,hello how are you - 197,1747802549.092912,demo-topic
197,All goood! - 197,79,1747802549.0939975,test
198,hello how are you - 198,1747802551.0947318,demo-topic
198,All goood! - 198,8,1747802551.0955536,test
199,hello how are you - 199,1747802553.098167,demo-topic
199,All goood! - 199,11,1747802553.0988445,test
200,hello how are you - 200,1747802555.1013556,demo-topic
200,All goood! - 200,68,1747802555.1021168,test
201,hello how are you - 201,1747802557.1047628,demo-topic
201,All goood! - 201,70,1747802557.1057026,test
202,hello how are you - 202,1747802559.1082966,demo-topic
202,All goood! - 202,90,1747802559.1089735,test
203,hello how are you - 203,1747802561.1113381,demo-topic
203,All goood! - 203,54,1747802561.1120257,test
